val_loss,loss,lr
4107.052376509092,13484.86350952244,0.0010000000474974513
1613.3114877285373,3960.1554160599794,0.0010000000474974513
1214.5411783530717,2156.0063833118697,0.0010000000474974513
958.3714233786578,1404.8370431109902,0.0010000000474974513
731.6293701754087,1033.1436127115248,0.0010000000474974513
644.4166009414746,761.9478509315962,0.0010000000474974513
500.3441102432712,598.5426263413395,0.0010000000474974513
398.47985034451386,491.2194238720971,0.0010000000474974513
364.71213559391765,405.86062081978486,0.0010000000474974513
302.69177474126525,339.3011096306116,0.0010000000474974513
228.63276320610592,287.40175667496146,0.0010000000474974513
211.73507986387122,253.41727470810187,0.0010000000474974513
190.14022502080437,210.07595187122223,0.0010000000474974513
106.05319401872936,193.22615171953768,0.0010000000474974513
123.94479059604468,171.56187106784472,0.0010000000474974513
143.24357711719216,141.56787453504307,0.0010000000474974513
122.22839753313171,133.23589578866026,0.0010000000474974513
106.1578839276288,118.03634125568387,0.0010000000474974513
109.74262881620132,105.71104040422193,0.0010000000474974513
94.22815445989417,97.29109345438337,0.0010000000474974513
142.03269839627944,89.43512059079546,0.0010000000474974513
96.84456826166053,84.70927620083444,0.0010000000474974513
76.13222771721917,73.83432849235804,0.0010000000474974513
66.67509943199461,74.63808516440395,0.0010000000474974513
62.77342304175154,66.846965458212,0.0010000000474974513
59.231955450934336,63.664767045011345,0.0010000000474974513
62.31609567663438,60.4085399505209,0.0010000000474974513
52.53600091737101,52.17043657833091,0.0010000000474974513
53.0487712380996,50.74133462390586,0.0010000000474974513
41.5224534415289,49.089032151499296,0.0010000000474974513
45.413977497143286,45.86763391218432,0.0010000000474974513
40.2171947012266,40.555989037665334,0.0010000000474974513
40.46511481789982,39.09101090845692,0.0010000000474974513
39.26230034881252,37.83732144647776,0.0010000000474974513
42.252179465725995,36.67835047997435,0.0010000000474974513
34.95562613749542,34.663679990716155,0.0010000000474974513
34.22161723320359,36.21109265691149,0.0010000000474974513
32.8555872906562,33.47832290512002,0.0010000000474974513
31.863160222816163,31.30407512757399,0.0010000000474974513
26.97825236843576,29.88677072935769,0.0010000000474974513
28.99142990961363,28.105411445898476,0.0010000000474974513
25.768840680630294,27.25676382120083,0.0010000000474974513
26.76688768905373,26.51403899106927,0.0010000000474974513
25.336815165412066,25.0178864911467,0.0010000000474974513
25.51688232785757,24.902717983153245,0.0010000000474974513
23.869814364822947,23.949106392677443,0.0010000000474974513
22.914860596527923,23.469628493115597,0.0010000000474974513
22.759121383885322,22.226489179845704,0.0010000000474974513
22.24551005886545,20.798224004059914,0.0010000000474974513
23.758608913573248,21.61993023148718,0.0010000000474974513
19.77216137156767,20.64207858187945,0.0010000000474974513
20.26663198001055,20.243215459347145,0.0010000000474974513
19.191599359193933,20.098991768193972,0.0010000000474974513
21.69798252123907,20.743441179196353,0.0010000000474974513
18.9540314454532,18.60450410954917,0.0010000000474974513
19.404294358148864,18.990457750617665,0.0010000000474974513
18.189729966495676,18.598911352613147,0.0010000000474974513
16.997256747489892,17.76159354906672,0.0010000000474974513
17.616460509065224,18.0748626780678,0.0010000000474974513
17.98036516489778,16.92596487674101,0.0010000000474974513
18.055814879497778,17.892746706539146,0.0010000000474974513
17.60255438800078,16.859400201795992,0.0010000000474974513
20.249775824372453,16.443153085611534,0.0010000000474974513
16.225279388063854,16.58473478748916,0.0010000000474974513
16.71538816612741,15.74714028247185,0.0010000000474974513
16.701210810383856,15.533712019655232,0.0010000000474974513
16.378244233245123,15.416137998516707,0.0010000000474974513
14.68607351851956,15.128751940716032,0.0010000000474974513
15.61333164008888,15.303694595091962,0.0010000000474974513
15.31643054519435,14.754374212087274,0.0010000000474974513
14.584954869766115,15.159600294467147,0.0010000000474974513
15.658816284519311,14.479491319708648,0.0010000000474974513
14.023491433390753,14.743835663552758,0.0010000000474974513
14.117381061014196,14.120005046751878,0.0010000000474974513
14.038721287762227,14.221740015428702,0.0010000000474974513
14.101846444777351,14.201315295070806,0.0010000000474974513
14.564080427864209,13.375980875318463,0.0010000000474974513
13.58719972510406,13.611166077287475,0.0010000000474974513
13.278345503754002,14.103216174251882,0.0010000000474974513
14.073025347128961,12.982531216710269,0.0010000000474974513
13.389113103263139,13.836440094579638,0.0010000000474974513
13.195400802054353,13.282541473675446,0.0010000000474974513
13.421781109323183,13.230122053912588,0.0010000000474974513
13.094702722158265,13.425920802350145,0.0010000000474974513
12.855505250406189,13.310286353879732,0.0010000000474974513
13.236947318897338,12.921057737704452,0.0010000000474974513
12.919376007892748,12.770676491871045,0.0010000000474974513
12.502935776460342,12.636383592102241,0.0010000000474974513
12.543760869764562,12.442128077651153,0.0010000000474974513
12.163977729118116,12.475315365832396,0.0010000000474974513
12.31956370797938,12.688596662731962,0.0010000000474974513
12.66427266919935,12.393296567368713,0.0010000000474974513
12.133110290490956,12.219152107029663,0.0010000000474974513
12.56147377972383,12.162838120337288,0.0010000000474974513
12.521161966369338,11.943671954639647,0.0010000000474974513
12.276689110954539,13.08521073445176,0.0010000000474974513
12.632735247831844,11.969975470749773,0.0010000000474974513
12.062714086996543,11.785270454179708,0.0010000000474974513
12.374643841305295,12.421953451474756,0.0010000000474974513
11.667029978171442,11.952810065673493,0.0010000000474974513
12.29389075444499,11.936622741358674,0.0010000000474974513
11.76032222966132,11.701876364747527,0.0010000000474974513
11.61840266908485,11.657582462254034,0.0010000000474974513
11.468003371561654,11.660859609826431,0.0010000000474974513
11.644379204900162,11.60573012920311,0.0010000000474974513
11.770287782095954,11.583424339652902,0.0010000000474974513
12.277540968029223,11.46825613710408,0.0010000000474974513
11.419643212577686,11.660954893615532,0.0010000000474974513
11.966664355206754,11.690056892699717,0.0010000000474974513
11.641095780037546,11.745688039619846,0.0010000000474974513
11.231047713699704,11.780818108758053,0.0010000000474974513
11.59605226986738,11.313724940515815,0.0010000000474974513
11.880026794579146,11.308800834739404,0.0010000000474974513
11.529980018142677,11.152754506564458,0.0010000000474974513
11.159674782442174,11.35538526130264,0.0010000000474974513
11.50059523984245,11.522698901272792,0.0010000000474974513
11.59026257828802,11.465673208423397,0.0010000000474974513
11.351475761122469,11.106046097859238,0.0010000000474974513
11.307792715124181,11.19191560543601,0.0010000000474974513
11.406368502751821,11.17320559224582,0.0010000000474974513
11.359227915826018,11.246359117159923,0.0010000000474974513
11.193383533738565,11.194633764686674,0.0010000000474974513
11.15685511924125,11.38525671126232,0.0010000000474974513
11.281277467033252,11.084193629964592,0.0010000000474974513
11.399915962037298,11.296903335404004,0.0010000000474974513
11.171302079775375,11.006495354786084,0.0010000000474974513
11.140759745538709,11.143183673090924,0.0010000000474974513
10.935351274729912,11.206067562476676,0.0010000000474974513
11.222179946535531,11.104410318630043,0.0010000000474974513
11.769784698425681,11.094366645663627,0.0010000000474974513
11.14117016511805,11.55881155517387,0.0010000000474974513
11.21097155633147,11.046849339663655,0.0010000000474974513
11.259846653961036,11.136007232038697,0.0010000000474974513
11.223050731543706,11.040787887274519,0.0010000000474974513
11.121628028978794,11.071251616033615,0.0010000000474974513
11.230401923053783,11.014798427991039,0.0010000000474974513
11.155641840827105,10.892912439004276,0.0010000000474974513
10.918105763737083,11.062269235460107,0.0010000000474974513
11.121074567349044,11.018322911781544,0.0010000000474974513
10.96862144955391,11.063595297566222,0.0010000000474974513
11.396546160663066,10.922884922430864,0.0010000000474974513
11.108264571343014,11.090318918788256,0.0010000000474974513
10.77302556576145,10.843047655086174,0.0010000000474974513
11.117453632748942,10.985759894924417,0.0010000000474974513
10.947650416666828,10.881209552708135,0.0010000000474974513
11.106982954355795,11.123414801356375,0.0010000000474974513
11.068623659531148,10.842724225067402,0.0010000000474974513
10.823468745039074,11.090357091899206,0.0010000000474974513
11.154598252761913,10.946072374551484,0.0010000000474974513
11.11932667336517,10.824263785533264,0.0010000000474974513
10.989324737997617,10.915177731375817,0.0010000000474974513
10.94534073270182,10.934622577138496,0.0010000000474974513
10.82271446294739,10.719225786398797,0.0010000000474974513
11.087747499559946,10.923180966239098,0.0010000000474974513
10.803802378037396,10.940470447555219,0.0010000000474974513
11.201165129535717,10.897250565310054,0.0010000000474974513
11.200767909779268,10.951059442249797,0.0010000000474974513
11.047564465594027,10.85852801249003,0.0010000000474974513
11.063877878962336,11.03122957553729,0.0010000000474974513
10.809966540677749,11.14924473116523,0.0010000000474974513
10.853207281928373,10.940547139549405,0.0010000000474974513
10.877959985232694,10.856385931524338,0.0010000000474974513
11.058729992003812,10.838606772426525,0.0010000000474974513
10.98641400420609,10.946501569815137,0.0010000000474974513
10.973785705141877,10.837316076925422,0.0010000000474974513
11.088740171423398,10.83895627651349,0.0010000000474974513
11.02752705863625,10.874744415283203,0.0010000000474974513
10.719870065467726,10.836931728252509,0.0010000000474974513
10.950008577307381,10.778282526982606,0.0010000000474974513
10.792284577374238,10.784252065928914,0.0010000000474974513
10.855281106618326,10.85112128485528,0.0010000000474974513
10.956729609939744,10.85503770937281,0.0010000000474974513
10.871251245750342,10.790142868866468,0.0010000000474974513
10.856670170406469,10.738323240795449,0.00020000000949949026
10.711958371209416,10.796077146507747,0.00020000000949949026
10.717575976882717,10.89363983411199,0.00020000000949949026
10.825194668125462,10.821347182116288,0.00020000000949949026
10.750590095459373,10.663927471815093,0.00020000000949949026
10.8694048140121,10.75820787455201,0.00020000000949949026
10.955417490536155,10.681161759510205,0.00020000000949949026
10.827370661809827,10.796714867851,0.00020000000949949026
10.920306777347632,10.738452948717372,0.00020000000949949026
10.926075309183336,10.743009219248032,0.00020000000949949026
10.809981494715558,10.78631744145787,0.00020000000949949026
11.195191957992288,10.780505971975781,0.00020000000949949026
10.697104138676048,10.813695991982122,0.00020000000949949026
11.006568801042954,10.752679039186674,0.00020000000949949026
10.810010154978839,10.838385323574512,0.00020000000949949026
10.904894634725938,10.779520824913318,0.00020000000949949026
11.098837371850431,10.888779773129647,0.00020000000949949026
10.724430909027925,10.75411074032705,0.00020000000949949026
10.899334490583508,10.94997866413233,0.00020000000949949026
10.81991316214654,10.768428845058313,0.00020000000949949026
11.185091578145475,10.716665276906037,0.00020000000949949026
10.715411158927104,10.743014526815273,0.00020000000949949026
10.827740290206643,10.829631623945483,0.00020000000949949026
10.741551264291347,10.699322984287678,0.00020000000949949026
10.714147692075406,10.740157013118687,0.00020000000949949026
10.708842726314769,10.761568330840944,4.999999873689376e-05
10.702505199632508,10.622274513065395,4.999999873689376e-05
10.799685111296006,10.84555628902761,4.999999873689376e-05
10.887355278330501,10.725922827993227,4.999999873689376e-05
10.890624784703096,11.37392200971826,4.999999873689376e-05
10.815413221835332,10.664581849972718,4.999999873689376e-05
10.733348985923682,10.776678284724989,4.999999873689376e-05
10.658976028757747,10.875844074210434,4.999999873689376e-05
10.93299400105196,10.67302596092971,4.999999873689376e-05
10.825296787086087,10.676074078051299,4.999999873689376e-05
10.806765788310283,10.770706931034288,4.999999873689376e-05
10.996807362203189,10.797757302585204,4.999999873689376e-05
10.936520910035636,10.687255748847358,4.999999873689376e-05
10.79388470793756,10.92682390429587,4.999999873689376e-05
10.757228663312612,10.701228983437726,4.999999873689376e-05
10.691372493871254,10.774069987710043,4.999999873689376e-05
10.688566309469493,10.690122312368036,4.999999873689376e-05
10.877485270720028,10.704704185342452,4.999999873689376e-05
10.75489289203395,10.698088664605269,4.999999873689376e-05
10.799128891743234,10.723228625608966,4.999999873689376e-05
10.885757882947573,10.782712050686614,4.999999873689376e-05
10.891336155999067,10.76557837003082,4.999999873689376e-05
10.859570689724436,10.721945790266188,4.999999873689376e-05
10.834508061977562,10.736304247295287,4.999999873689376e-05
10.926907941154152,10.8322140306071,4.999999873689376e-05
10.87477042223956,10.778399079127897,4.999999873689376e-05
10.73620633063142,10.719096761059742,4.999999873689376e-05
10.860354964797562,10.664106793205722,4.999999873689376e-05
10.764149721931009,10.687746333254438,4.999999873689376e-05
10.829231150010052,10.610701356348622,4.999999873689376e-05
10.760200144187067,10.701185308589352,4.999999873689376e-05
10.88079460550378,10.750415100748873,4.999999873689376e-05
10.779884768972716,10.727441634624006,4.999999873689376e-05
10.696135066082443,10.754312687771527,4.999999873689376e-05
10.881670951843262,10.71431493647134,4.999999873689376e-05
10.908386028817423,10.723498299612883,4.999999873689376e-05
10.86357044680888,10.79196671535937,4.999999873689376e-05
10.791598362460235,10.73895639839262,4.999999873689376e-05
11.060952313943204,10.75586602532873,4.999999873689376e-05
10.723356941356569,10.804475723810278,4.999999873689376e-05
10.73649765918289,10.649475365760463,4.999999873689376e-05
11.028562776235026,10.661329721975065,4.999999873689376e-05
10.834646372044599,10.802945365547293,4.999999873689376e-05
10.818270762129695,10.632806963909392,4.999999873689376e-05
10.924461966667721,10.758321764325386,4.999999873689376e-05
10.65844653331229,10.721445595181912,4.999999873689376e-05
10.728767396535707,10.722179023007817,4.999999873689376e-05
10.823029915365392,10.662528731809898,4.999999873689376e-05
10.883198551608572,10.785302434008665,4.999999873689376e-05
10.793776042131627,10.726497804735821,4.999999873689376e-05
10.7435106253207,10.741656750743989,4.999999873689376e-05
10.748480905978592,10.64462772345487,4.999999873689376e-05
10.727118449673554,10.723681294553991,4.999999873689376e-05
10.703960157919006,10.668192583411209,4.999999873689376e-05
10.732068122475628,11.282174712340161,4.999999873689376e-05
10.704933183181835,10.694069623387037,4.999999873689376e-05
10.566905946534465,10.753117708461586,4.999999873689376e-05
10.80545790358454,10.724348612660622,4.999999873689376e-05
10.807351174528913,10.801679730695398,4.999999873689376e-05
10.681952232397228,10.783111713412412,4.999999873689376e-05
10.818482209464893,10.714806758339925,4.999999873689376e-05
10.926946365586904,10.702871946963652,4.999999873689376e-05
10.843951446642368,10.705502528741011,4.999999873689376e-05
10.771122356287437,10.734668943783037,4.999999873689376e-05
10.840707401402993,10.8464301183248,4.999999873689376e-05
10.865115256680973,10.724326837221533,4.999999873689376e-05
10.581469851192116,10.710439928453605,4.999999873689376e-05
10.780842867488891,10.633690878853914,4.999999873689376e-05
10.89129379860737,10.68548512440131,4.999999873689376e-05
10.899201232412851,10.658492858277324,4.999999873689376e-05
10.760934324825511,10.754360824053233,4.999999873689376e-05
10.949323017381143,10.666080415108844,4.999999873689376e-05
10.752747691871631,10.724267046248062,4.999999873689376e-05
10.794528195513072,10.773622194677008,4.999999873689376e-05
10.775592009479176,10.736506152171685,4.999999873689376e-05
10.70805004404914,10.786167865445488,4.999999873689376e-05
10.71444196200712,10.734213364525708,4.999999873689376e-05
10.74934822804219,10.709328640972906,4.999999873689376e-05
10.715687339370316,10.627706794320558,4.999999873689376e-05
10.674852177145372,10.857616281920144,4.999999873689376e-05
10.679187259158573,10.773468473878053,4.999999873689376e-05
10.920786610468394,10.624628580820776,4.999999873689376e-05
10.728798973920425,10.756919653973918,4.999999873689376e-05
10.742201982507266,10.724364594360209,4.999999873689376e-05
10.712488664163125,10.776652493697176,4.999999873689376e-05
10.695595128737118,10.634813505126427,4.999999873689376e-05
10.64756483493435,10.784991498841096,4.999999873689376e-05
10.658255501278633,10.693199482576494,4.999999873689376e-05
10.634843125820918,10.623363444836885,4.999999873689376e-05
10.647291139502594,10.55396428701928,4.999999873689376e-05
10.686244456680855,10.795975103355891,4.999999873689376e-05
10.766807037620362,10.669114322707163,4.999999873689376e-05
10.699266564106903,10.631794144608774,4.999999873689376e-05
10.857947525424684,10.62075716271098,4.999999873689376e-05
10.609959561419222,10.604258209443596,4.999999873689376e-05
10.844318978168626,10.78815489031882,4.999999873689376e-05
10.64549983135278,10.620895782297444,4.999999873689376e-05
10.814248861303769,10.61626893538652,4.999999873689376e-05
10.635819048494906,10.618351155178754,4.999999873689376e-05
10.765173854433675,10.699618497861954,4.999999873689376e-05
10.76097976611794,10.586065746417901,4.999999873689376e-05
10.962681752130603,10.663644605440933,4.999999873689376e-05
10.758131418394928,10.622275463752478,4.999999873689376e-05
10.9652683321736,10.729866564787265,4.999999873689376e-05
10.744807141763417,10.652099970083453,4.999999873689376e-05
10.784553250371935,10.71706217345355,4.999999873689376e-05
10.711461697928666,10.682870255472515,4.999999873689376e-05
10.72540796883345,10.595337017868866,4.999999873689376e-05
10.706184714700914,10.705647299788199,4.999999873689376e-05
10.627893785983087,10.557856422340674,4.999999873689376e-05
10.590480658890522,10.599528418729896,4.999999873689376e-05
10.825767291179712,10.642234161484494,4.999999873689376e-05
10.550170912083079,10.622031286533867,4.999999873689376e-05
10.687928166412208,10.695440912209364,4.999999873689376e-05
10.987089793898154,10.584172283193517,4.999999873689376e-05
10.717840728395883,10.620664003591754,4.999999873689376e-05
10.578987024546807,10.660266304912284,4.999999873689376e-05
10.705417557247872,10.622991072730152,4.999999873689376e-05
10.755634774843346,10.652643452422547,4.999999873689376e-05
10.811324945883456,10.604062556847055,4.999999873689376e-05
10.741500498190973,10.58031553688139,4.999999873689376e-05
10.698421138648198,10.669426947155312,4.999999873689376e-05
10.60198215915213,10.657310774107883,4.999999873689376e-05
10.683344622674163,10.55347399536109,4.999999873689376e-05
10.50555674790957,10.584141693921788,4.999999873689376e-05
10.656778396218304,10.515319040069938,4.999999873689376e-05
10.583850229866744,10.610187711245208,4.999999873689376e-05
10.714028578304903,10.656935729920724,4.999999873689376e-05
10.653337442249486,10.639852016720813,4.999999873689376e-05
10.611352567263362,10.68532755604552,4.999999873689376e-05
10.630774943741402,10.623375578232826,4.999999873689376e-05
10.895341469866294,10.557385832981478,4.999999873689376e-05
10.681171154937987,10.50780529777987,4.999999873689376e-05
10.587687669763126,10.62193319997287,4.999999873689376e-05
10.663946964403404,10.557486835829243,4.999999873689376e-05
10.76721096190436,10.625035867713445,4.999999873689376e-05
10.625981743271286,10.485445465440383,4.999999873689376e-05
10.657956073318264,10.659454435320132,4.999999873689376e-05
10.615707323168344,10.541058367084691,4.999999873689376e-05
10.641859542773902,10.609518960013274,4.999999873689376e-05
10.586493152503179,10.525607592254854,4.999999873689376e-05
10.830271784565596,10.515767036981664,4.999999873689376e-05
10.49890786096667,10.757251345187122,4.999999873689376e-05
10.627011741856514,10.428697487480862,4.999999873689376e-05
10.58323804676438,10.5433416799726,4.999999873689376e-05
10.643864132831132,10.53001309860098,4.999999873689376e-05
10.468538692152936,10.562129357501503,4.999999873689376e-05
10.687804613280182,10.505840606958305,4.999999873689376e-05
10.578515392418696,10.586556644484507,4.999999873689376e-05
10.540841125342729,10.5386590636514,4.999999873689376e-05
10.800478912499068,10.56165832528493,4.999999873689376e-05
10.584490430374025,10.52403394748386,4.999999873689376e-05
10.587389814076628,10.5386058199471,4.999999873689376e-05
10.489142983441132,10.51276055965558,4.999999873689376e-05
10.594483938050384,10.451957884857967,4.999999873689376e-05
10.605327866983338,10.54310179839586,4.999999873689376e-05
10.630847180401387,10.418320251799415,4.999999873689376e-05
10.73059060349942,10.480017139282465,4.999999873689376e-05
10.67383274327022,10.446576447064931,4.999999873689376e-05
10.599295996709923,10.509535280166423,4.999999873689376e-05
10.436757133192781,10.546430750572783,4.999999873689376e-05
10.557595707843339,10.551549905524556,4.999999873689376e-05
10.786564975550519,10.478318849950446,4.999999873689376e-05
10.651611226541249,10.459116747534265,4.999999873689376e-05
10.42990647514598,10.558070648061921,4.999999873689376e-05
10.7015814409726,10.458811459731757,4.999999873689376e-05
10.505244214129183,10.472266068753546,4.999999873689376e-05
10.474696329174437,10.424208647773522,4.999999873689376e-05
10.542375719225085,10.541243090140417,4.999999873689376e-05
10.508479356386703,10.45305339078373,4.999999873689376e-05
10.439897270384577,10.452298192746394,4.999999873689376e-05
10.508366668167477,10.59265445598701,4.999999873689376e-05
10.546473577405386,10.597854403657847,4.999999873689376e-05
10.560693449739054,10.427893275661962,4.999999873689376e-05
10.664722168199209,10.461326199578604,4.999999873689376e-05
10.530227970432591,10.518587153501219,4.999999873689376e-05
10.556476318589834,10.481822370082583,4.999999873689376e-05
10.654440346128043,10.497781636291121,4.999999873689376e-05
10.45847882754473,10.471931279779135,4.999999873689376e-05
10.512607259098411,10.465527128967906,4.999999873689376e-05
10.404254135532106,10.398895236786773,4.999999873689376e-05
10.451803330207667,10.48256687233013,4.999999873689376e-05
10.436721810854865,10.434451531878466,4.999999873689376e-05
10.530709180240601,10.374232963556038,4.999999873689376e-05
10.492200290455537,10.461695405217755,4.999999873689376e-05
10.404845290798072,10.403134855331624,4.999999873689376e-05
10.468325094881042,10.376750485264145,4.999999873689376e-05
10.490768221868809,10.413707931805328,4.999999873689376e-05
10.58510637662369,10.500766645116366,4.999999873689376e-05
10.47965909415095,10.356781986418794,4.999999873689376e-05
10.440819916171755,10.441865909818382,4.999999873689376e-05
10.592431427753976,10.323736957768118,4.999999873689376e-05
10.528499043802768,10.284141223133776,4.999999873689376e-05
10.295023052415711,10.413818426587754,4.999999873689376e-05
10.493693383585288,10.355922725859712,4.999999873689376e-05
10.404277690832869,10.4660784871483,4.999999873689376e-05
10.406289126421955,10.339759028321986,4.999999873689376e-05
10.349918912817829,10.255398792126446,4.999999873689376e-05
10.45975758654135,10.312354730831615,4.999999873689376e-05
10.407272678490473,10.380974783781644,4.999999873689376e-05
10.39202256498352,10.40705775542472,4.999999873689376e-05
10.442358823573077,10.322632140635324,4.999999873689376e-05
10.516806870841071,10.30431019895788,4.999999873689376e-05
10.324746661042182,10.312236325854702,4.999999873689376e-05
10.323254213803144,10.295616878040526,4.999999873689376e-05
10.414095155385416,10.336879388933175,4.999999873689376e-05
10.516906700376865,10.358843707067479,4.999999873689376e-05
10.49788846196355,10.309901552640934,4.999999873689376e-05
10.425864125662654,10.276492103899281,4.999999873689376e-05
10.345019554295865,10.300995905136073,4.999999873689376e-05
10.379507143660456,10.247832254963923,4.999999873689376e-05
10.409008239903775,10.496847145241878,4.999999873689376e-05
10.398995635998457,10.2846164068582,4.999999873689376e-05
10.353408901414735,10.365930237616984,4.999999873689376e-05
10.318970913727826,10.277579760122038,4.999999873689376e-05
10.27992482481018,10.248009618969755,4.999999873689376e-05
10.3183039663706,10.20473877003908,4.999999873689376e-05
10.313792901880602,10.338934625791401,4.999999873689376e-05
10.324318949482588,10.427377484978038,4.999999873689376e-05
10.274890026341183,10.358473210196617,4.999999873689376e-05
10.458891847364853,10.244414909798929,4.999999873689376e-05
10.306940192448506,10.251991003868444,4.999999873689376e-05
10.311915966209812,10.218238852970657,4.999999873689376e-05
10.315922583987868,10.226756174301112,4.999999873689376e-05
10.237463011082102,10.231848129744444,4.999999873689376e-05
10.432413140616848,10.36952960985941,4.999999873689376e-05
10.227065368373367,10.259189775985204,4.999999873689376e-05
10.414008284600627,10.16141996928837,4.999999873689376e-05
10.375813611550626,10.244048332925317,4.999999873689376e-05
10.270950109666785,10.178385981004874,4.999999873689376e-05
10.445258158758069,10.162573178858148,4.999999873689376e-05
10.286933694242105,10.138760247824242,4.999999873689376e-05
10.26910228607954,10.21677490016307,4.999999873689376e-05
10.224100587477935,10.160209849185092,4.999999873689376e-05
10.535824323875536,10.195966930434214,4.999999873689376e-05
10.290371238332485,10.16688371880874,4.999999873689376e-05
10.275202688996478,10.179397190933408,4.999999873689376e-05
10.27155639333073,10.188255633426627,4.999999873689376e-05
10.32822964945734,10.162866044249867,4.999999873689376e-05
10.284455444930279,10.131418410370662,4.999999873689376e-05
10.23789902066957,10.152285276396533,4.999999873689376e-05
10.389306417140748,10.158500524265465,4.999999873689376e-05
10.25706735438118,10.18781766764522,4.999999873689376e-05
10.16530449629209,10.178820680993184,4.999999873689376e-05
10.336809175003124,10.20024905656592,4.999999873689376e-05
10.411790262534621,10.117907580866325,4.999999873689376e-05
10.115404477748658,10.149433159884197,4.999999873689376e-05
10.212370015858466,10.17655775149352,4.999999873689376e-05
10.448828325741621,10.185988997516915,4.999999873689376e-05
10.293798551271374,10.144844231422562,4.999999873689376e-05
10.157143526122756,10.136620700032616,4.999999873689376e-05
10.17295509150373,10.093735719529931,4.999999873689376e-05
10.12376716747193,10.149771833009055,4.999999873689376e-05
10.213272513190969,10.095211813948355,4.999999873689376e-05
10.127137458570811,10.082210324197051,4.999999873689376e-05
10.15546193600459,10.148452896948616,4.999999873689376e-05
10.166428919247869,10.161996656968991,4.999999873689376e-05
10.05750051022334,10.084962224250859,4.999999873689376e-05
10.152930934402635,10.094162665406706,4.999999873689376e-05
10.10307221950901,10.13912487627476,4.999999873689376e-05
10.109350052850235,10.06454792560407,4.999999873689376e-05
10.168391784158533,10.099847838387605,4.999999873689376e-05
10.10269202640212,10.072427328433855,4.999999873689376e-05
10.182100805455438,10.082985700250326,4.999999873689376e-05
10.166725507411744,10.137599214689752,4.999999873689376e-05
10.158391988902858,10.058714935344556,4.999999873689376e-05
10.000965262444865,10.037058835488889,4.999999873689376e-05
10.141757414716226,10.018703493552929,4.999999873689376e-05
10.121708780479734,10.02801983190311,4.999999873689376e-05
10.275552379686996,10.033359056351795,4.999999873689376e-05
10.111662951107055,10.023905266423476,4.999999873689376e-05
10.20220635539966,10.108871150782264,4.999999873689376e-05
10.142342752417244,10.067783157808666,4.999999873689376e-05
10.109313616123412,10.013246011995392,4.999999873689376e-05
10.206186556854005,9.915955775028667,4.999999873689376e-05
10.146739409345132,9.9729063621049,4.999999873689376e-05
10.032639517124583,10.007907931657162,4.999999873689376e-05
10.036400813177014,10.061307148347167,4.999999873689376e-05
10.092867449470848,9.929042804213175,4.999999873689376e-05
10.128786930029646,9.99996199865498,4.999999873689376e-05
10.15454445431077,9.948706213160241,4.999999873689376e-05
10.033873931023578,10.020631501146285,4.999999873689376e-05
10.025048792646496,9.964123608642195,4.999999873689376e-05
9.95223443800012,10.018033126227634,4.999999873689376e-05
10.031012468383498,9.982233820432038,4.999999873689376e-05
10.268916261973176,10.022700696600165,4.999999873689376e-05
9.983966443800206,9.953347058247662,4.999999873689376e-05
10.037412093060953,9.981415384900505,4.999999873689376e-05
10.076670338883877,9.964428924076614,4.999999873689376e-05
10.1074108129844,9.941214308294358,4.999999873689376e-05
9.980814935293031,9.933003073851392,4.999999873689376e-05
10.016369332948814,10.04585170073722,4.999999873689376e-05
10.028497952156492,9.897233508953192,4.999999873689376e-05
10.006025793442475,10.002621290734156,4.999999873689376e-05
10.022251094278356,9.870944023879133,4.999999873689376e-05
9.954335561427857,9.85755585690635,4.999999873689376e-05
9.99689891645374,9.924795645143991,4.999999873689376e-05
9.974132087537708,9.894932212919207,4.999999873689376e-05
9.993912552801717,9.893540831217097,4.999999873689376e-05
9.905415022505865,9.916729707501322,4.999999873689376e-05
9.967789513507594,9.855866690585644,4.999999873689376e-05
9.983152080226589,9.907727337854396,4.999999873689376e-05
9.91446752351115,9.931150293760965,4.999999873689376e-05
10.063171098645427,9.841114283168139,4.999999873689376e-05
10.081470665378298,9.851970218547919,4.999999873689376e-05
9.991187027414197,9.808598596786464,4.999999873689376e-05
9.929507343492372,9.9072211339498,4.999999873689376e-05
9.978279806661682,9.925441485788081,4.999999873689376e-05
9.938113226231028,9.887071989622541,4.999999873689376e-05
9.834189803118926,9.81917636247006,4.999999873689376e-05
9.922181083970305,9.843102811366762,4.999999873689376e-05
9.892495960423602,9.84917232107164,4.999999873689376e-05
9.895262119311408,9.891369810679413,4.999999873689376e-05
9.9143113771569,9.839231497063334,4.999999873689376e-05
9.849326045789855,9.872315207401476,4.999999873689376e-05
10.165230663099425,9.820231422000129,4.999999873689376e-05
9.879209841377975,9.828354055842293,4.999999873689376e-05
9.935123928779639,9.794633037145939,4.999999873689376e-05
9.88117409510529,9.798950390229491,4.999999873689376e-05
9.917308193322016,9.794062862381304,4.999999873689376e-05
9.816741588574335,9.807417822518943,4.999999873689376e-05
9.859404679133137,9.805266112952655,4.999999873689376e-05
9.871529473030321,9.813097705109191,4.999999873689376e-05
9.822123741307584,9.772412564480033,4.999999873689376e-05
9.794489840824388,9.792257981087513,4.999999873689376e-05
9.807174684133363,9.784386302496927,4.999999873689376e-05
9.848732197796407,9.75797832058852,4.999999873689376e-05
9.793670287382431,9.754857366497664,4.999999873689376e-05
9.801896797265082,9.777399684454934,4.999999873689376e-05
9.796418732793228,9.764970047546722,4.999999873689376e-05
9.822981418979566,9.776113203940396,4.999999873689376e-05
9.824492031515877,9.724360454054484,4.999999873689376e-05
9.917434754546003,9.683448355367805,4.999999873689376e-05
9.825770300787848,9.685233903285948,4.999999873689376e-05
9.783765107535407,9.772147000162697,4.999999873689376e-05
9.852519305218573,9.705256904207737,4.999999873689376e-05
9.809101300322952,9.735788403587968,4.999999873689376e-05
9.710272103690192,9.680758794397699,4.999999873689376e-05
9.750011519900566,9.663559537990633,4.999999873689376e-05
9.754647397464334,9.65826657981544,4.999999873689376e-05
9.836650258596448,9.643831297860261,4.999999873689376e-05
9.804230646033355,9.682237749092263,4.999999873689376e-05
9.753205402477368,9.636141939842803,4.999999873689376e-05
9.762367997525796,9.696136673260407,4.999999873689376e-05
9.755636089367403,9.717813317814933,4.999999873689376e-05
9.615451483734082,9.692659787302757,4.999999873689376e-05
9.791154775028199,9.642274618335506,4.999999873689376e-05
9.675097439740155,9.651761227505414,4.999999873689376e-05
9.743494452277883,9.592999842172501,4.999999873689376e-05
9.767948381093424,9.657161551335872,4.999999873689376e-05
9.612313140177765,9.602153814669784,4.999999873689376e-05
9.705598195899272,9.626137854442431,4.999999873689376e-05
9.628948325383076,9.628419596045486,4.999999873689376e-05
9.674782774217178,9.646101351911982,4.999999873689376e-05
9.656702178081762,9.576299646447763,4.999999873689376e-05
9.664453926450308,9.593558297273043,4.999999873689376e-05
9.555568648066922,9.684683935662779,4.999999873689376e-05
9.63608199121084,9.594350106844981,4.999999873689376e-05
9.674587298273472,9.586326658865765,4.999999873689376e-05
9.642119888281405,9.590636351188833,4.999999873689376e-05
9.573038252813827,9.555874171813391,4.999999873689376e-05
9.654014852733036,9.553586981496311,4.999999873689376e-05
9.605776980874648,9.60807893121252,4.999999873689376e-05
9.61795567329055,9.595172880586462,4.999999873689376e-05
9.643378009098702,9.526868115203309,4.999999873689376e-05
9.546877245455743,9.541789179587607,4.999999873689376e-05
9.618970922521642,9.5461583118842,4.999999873689376e-05
9.624079208495317,9.516998105060335,4.999999873689376e-05
9.760252499239243,9.567831163398903,4.999999873689376e-05
9.5915683358197,9.573269793272205,4.999999873689376e-05
9.638633447534898,9.53703495629056,4.999999873689376e-05
9.596292512405467,9.513596975345955,4.999999873689376e-05
9.543005382313448,9.502501313725578,4.999999873689376e-05
9.576578864990623,9.454623982602017,4.999999873689376e-05
9.52734884131694,9.459661272417874,4.999999873689376e-05
9.59750470523804,9.46823220189512,4.999999873689376e-05
9.619429347245985,9.492731627581543,4.999999873689376e-05
9.496340533318694,9.472429660865826,4.999999873689376e-05
9.540013710531408,9.43977593367419,4.999999873689376e-05
9.496753578913799,9.480855053817283,4.999999873689376e-05
9.519835698017065,9.440314101724766,4.999999873689376e-05
9.61378495833453,9.457125260480792,4.999999873689376e-05
9.54844697670262,9.438225920907948,4.999999873689376e-05
9.517787078226693,9.406285881155995,4.999999873689376e-05
9.461293946768029,9.397240380337207,4.999999873689376e-05
9.501200248402897,9.384300202061258,4.999999873689376e-05
9.414937324099396,9.394852873489272,4.999999873689376e-05
9.571563499341519,9.38837384617506,4.999999873689376e-05
9.442281266653671,9.457830309587806,4.999999873689376e-05
9.399162306126048,9.362168188102562,4.999999873689376e-05
9.457015828980172,9.433175576134595,4.999999873689376e-05
9.499373874148807,9.366881183095527,4.999999873689376e-05
9.536529810894843,9.3556637670626,4.999999873689376e-05
9.383075550364387,9.398194075564248,4.999999873689376e-05
9.474474279224777,9.377538763179196,4.999999873689376e-05
9.416764407923566,9.38355184628241,4.999999873689376e-05
9.392955911936555,9.404564341438311,4.999999873689376e-05
9.371877174498735,9.353172022939756,4.999999873689376e-05
9.430338544193626,9.330894479923353,4.999999873689376e-05
9.357510513645288,9.346031648252005,4.999999873689376e-05
9.389031122143962,9.282534109397893,4.999999873689376e-05
9.37291668860067,9.316052144079723,4.999999873689376e-05
9.361526408900517,9.343681211479026,4.999999873689376e-05
9.340062223291929,9.320643321181427,4.999999873689376e-05
9.372723574858211,9.322732307804499,4.999999873689376e-05
9.583529522384861,9.284789753781695,4.999999873689376e-05
9.423498182493855,9.296009461022768,4.999999873689376e-05
9.344747761664216,9.276690276974145,4.999999873689376e-05
9.341708912568933,9.26824834147,4.999999873689376e-05
9.486342128395846,9.278387808295648,4.999999873689376e-05
9.26922676407855,9.19386676632994,4.999999873689376e-05
9.28964442175788,9.265809185353685,4.999999873689376e-05
9.263096359083118,9.262991249514634,4.999999873689376e-05
9.313410479995897,9.190068304678753,4.999999873689376e-05
9.250934884354875,9.210814228819606,4.999999873689376e-05
9.23857431912081,9.192718349029613,4.999999873689376e-05
9.281550872875512,9.188019941444965,4.999999873689376e-05
9.209936010060515,9.186544184583934,4.999999873689376e-05
9.229678834754447,9.242861084575848,4.999999873689376e-05
9.1885466856115,9.1711890408091,4.999999873689376e-05
9.293089913639621,9.15695047565242,4.999999873689376e-05
9.246959110132652,9.173917861496365,4.999999873689376e-05
9.191582485678087,9.156869680692932,4.999999873689376e-05
9.185372099398808,9.142121049885462,4.999999873689376e-05
9.187022333493863,9.1825855153561,4.999999873689376e-05
9.142662783684905,9.125179435652312,4.999999873689376e-05
9.142697754270133,9.158588170445142,4.999999873689376e-05
9.183270616637504,9.132869549439862,4.999999873689376e-05
9.15347149641222,9.094297864610736,4.999999873689376e-05
9.144601439823218,9.116690570708823,4.999999873689376e-05
9.209457238262523,9.097062394688068,4.999999873689376e-05
9.153638854883434,9.079588259022593,4.999999873689376e-05
9.115655642814211,9.046995183874502,4.999999873689376e-05
9.118094022778145,9.067919341306157,4.999999873689376e-05
9.108931699125112,9.106651772160781,4.999999873689376e-05
9.05761813662579,9.092241557576083,4.999999873689376e-05
9.176996058235108,9.046144336858763,4.999999873689376e-05
9.10017218385099,9.036110901141782,4.999999873689376e-05
9.041678631817403,8.990975711526774,4.999999873689376e-05
9.02459906622033,8.990000833079698,4.999999873689376e-05
9.087016504405982,8.996847346133334,4.999999873689376e-05
9.097605818974385,8.998399368560959,4.999999873689376e-05
8.978144665401198,8.97757316326479,4.999999873689376e-05
9.015251705491107,8.953306225752028,4.999999873689376e-05
9.064212674745884,9.004684528897494,4.999999873689376e-05
9.027544265710683,8.950856155031065,4.999999873689376e-05
8.930019997261667,8.94207178099415,4.999999873689376e-05
8.941239447965152,8.901184502484375,4.999999873689376e-05
8.976148975293473,8.89616223994698,4.999999873689376e-05
8.944691239555613,8.936699300420965,4.999999873689376e-05
8.953767633968772,8.92763544081148,4.999999873689376e-05
8.95215836996494,8.88968622077697,4.999999873689376e-05
8.992533325959466,8.861267402009657,4.999999873689376e-05
8.913760656772244,8.844210842762875,4.999999873689376e-05
8.974003621997438,8.889994733298114,4.999999873689376e-05
8.829637008933839,8.835248790313793,4.999999873689376e-05
8.954840255276387,8.877733107367435,4.999999873689376e-05
8.88791700008374,8.820021993775992,4.999999873689376e-05
8.874874406095907,8.84028882838453,4.999999873689376e-05
8.940102258812642,8.801990686026793,4.999999873689376e-05
8.834986582090442,8.822146586729572,4.999999873689376e-05
8.916530606098508,8.801483660632965,4.999999873689376e-05
8.909593060588989,8.829786512005954,4.999999873689376e-05
8.777228167401967,8.736330341527307,4.999999873689376e-05
8.890477835468722,8.768117524537615,4.999999873689376e-05
8.839235810672536,8.791454948479064,4.999999873689376e-05
8.783637618412085,8.753557799659676,4.999999873689376e-05
8.734313614607236,8.711016917844816,4.999999873689376e-05
8.766746618031318,8.684602688137405,4.999999873689376e-05
8.797311667607586,8.722482001678777,4.999999873689376e-05
8.752233121656651,8.6645732250826,4.999999873689376e-05
8.728089885984582,8.707736443241032,4.999999873689376e-05
8.741865214179544,8.67130334655475,4.999999873689376e-05
8.681570738411859,8.667686529615098,4.999999873689376e-05
8.739973021235867,8.67025569461712,4.999999873689376e-05
8.671109815091132,8.650552018508373,4.999999873689376e-05
8.67602635642872,8.597064785968538,4.999999873689376e-05
8.682547810346788,8.610247230380423,4.999999873689376e-05
8.685238131658071,8.59687836392372,4.999999873689376e-05
8.638112143985039,8.622119378558153,4.999999873689376e-05
8.544378508065956,8.589686547580321,4.999999873689376e-05
8.632520869729628,8.550704990407873,4.999999873689376e-05
8.6007754579068,8.573450262507333,4.999999873689376e-05
8.62940602689176,8.590718827214014,4.999999873689376e-05
8.566916482437206,8.55746870780234,4.999999873689376e-05
8.565792367265031,8.515725438260622,4.999999873689376e-05
8.5909862366693,8.512092551497995,4.999999873689376e-05
8.497127135721033,8.522090410009994,4.999999873689376e-05
8.502137722385328,8.453522340898507,4.999999873689376e-05
8.55403491688836,8.452377537403988,4.999999873689376e-05
8.516185405713006,8.455965028671708,4.999999873689376e-05
8.454278915599344,8.447852953953396,4.999999873689376e-05
8.479485757400198,8.43116320159721,4.999999873689376e-05
8.456986545568808,8.414705049459506,4.999999873689376e-05
8.393827812849812,8.335951290563765,4.999999873689376e-05
8.415781447163447,8.429950861232582,4.999999873689376e-05
8.404178905941913,8.396972826522314,4.999999873689376e-05
8.395652005327525,8.370756443534498,4.999999873689376e-05
8.29028373833491,8.337404551315606,4.999999873689376e-05
8.383986368467395,8.361902836625616,4.999999873689376e-05
8.392206666579497,8.312903964342134,4.999999873689376e-05
8.397214340670878,8.307556934252137,4.999999873689376e-05
8.26555838076981,8.28273931031313,4.999999873689376e-05
8.317622389437094,8.277154260813116,4.999999873689376e-05
8.278433155369115,8.29352805123445,4.999999873689376e-05
8.282019980571608,8.301887736996358,4.999999873689376e-05
8.27092918644649,8.227536727976966,4.999999873689376e-05
8.252843341311893,8.216636627842508,4.999999873689376e-05
8.174153814634193,8.203596079265502,4.999999873689376e-05
8.204902285043689,8.193047450311314,4.999999873689376e-05
8.159772734952845,8.160720054489053,4.999999873689376e-05
8.202234383417805,8.148293631844158,4.999999873689376e-05
8.181093638955314,8.13127248102366,4.999999873689376e-05
8.110589312445757,8.122605480247863,4.999999873689376e-05
8.268017097194168,8.143459137473707,4.999999873689376e-05
8.121349667517293,8.064141400455961,4.999999873689376e-05
8.12779657488218,8.071996521557693,4.999999873689376e-05
8.124247936072903,8.039627771220733,4.999999873689376e-05
8.112642755190025,8.0855128124718,4.999999873689376e-05
7.998354187072366,8.073144998602691,4.999999873689376e-05
8.054882213307488,8.034780558329965,4.999999873689376e-05
8.06574082791521,7.952370660418912,4.999999873689376e-05
8.056379124166856,7.992709721824389,4.999999873689376e-05
8.03534032127247,7.966593576952547,4.999999873689376e-05
7.924269771727546,7.973655830628254,4.999999873689376e-05
7.91026550104963,7.918058686267611,4.999999873689376e-05
8.01396091412664,7.904719323970045,4.999999873689376e-05
7.9152488390099265,7.894650526128902,4.999999873689376e-05
7.955453410247172,7.8656290124521275,4.999999873689376e-05
7.9034135011876145,7.931139881011557,4.999999873689376e-05
7.830991722252486,7.834399766257338,4.999999873689376e-05
7.922060238727515,7.834216000236565,4.999999873689376e-05
7.903434672302586,7.837717022668037,4.999999873689376e-05
7.803368164359671,7.792823335203979,4.999999873689376e-05
7.792092631086826,7.75693692466479,4.999999873689376e-05
7.84959597125152,7.800577225307982,4.999999873689376e-05
7.791763646803524,7.761513681269849,4.999999873689376e-05
7.857817068388049,7.689544061617451,4.999999873689376e-05
7.775821508398495,7.725100051264513,4.999999873689376e-05
7.717979802615313,7.73596521831623,4.999999873689376e-05
7.667544856170023,7.661398653883251,4.999999873689376e-05
7.641553881058443,7.650308362935424,4.999999873689376e-05
7.685952401881377,7.616115863564057,4.999999873689376e-05
7.630030773023353,7.635029153144257,4.999999873689376e-05
7.69101746169486,7.630978184373657,4.999999873689376e-05
7.774506283867719,7.608375216986672,4.999999873689376e-05
7.6180483252520785,7.586355986031314,4.999999873689376e-05
7.59053247873279,7.555889936565139,4.999999873689376e-05
7.6801994654256704,7.51225386061702,4.999999873689376e-05
7.53474696982646,7.540122081828286,4.999999873689376e-05
7.559535710345391,7.477049888440567,4.999999873689376e-05
7.573329714788731,7.49062932499144,4.999999873689376e-05
7.473942689941115,7.511998072021532,4.999999873689376e-05
7.524132003086739,7.441934839486143,4.999999873689376e-05
7.452326378875393,7.468155237689276,4.999999873689376e-05
7.403493303562764,7.377341219663807,4.999999873689376e-05
7.3537750911257795,7.380497794647933,4.999999873689376e-05
7.452754535432461,7.348407284207146,4.999999873689376e-05
7.39349394799795,7.334079849972049,4.999999873689376e-05
7.397704953040531,7.378295138559961,4.999999873689376e-05
7.36632391000211,7.319928107265392,4.999999873689376e-05
7.343354968084629,7.284522798160323,4.999999873689376e-05
7.322386383820793,7.238763268514826,4.999999873689376e-05
7.217746971142501,7.255897489859896,4.999999873689376e-05
7.21949513273133,7.280322263459255,4.999999873689376e-05
7.368040535901044,7.2301346029074,4.999999873689376e-05
7.270964843859165,7.196582095550203,4.999999873689376e-05
7.232916163336871,7.224940484076061,4.999999873689376e-05
7.2500348462588455,7.159310875222752,4.999999873689376e-05
7.202750826109384,7.102956311069808,4.999999873689376e-05
7.233697220327744,7.150172492724055,4.999999873689376e-05
7.201849296854865,7.136137911558338,4.999999873689376e-05
7.213247129382693,7.105205232311061,4.999999873689376e-05
7.216552277248121,7.089458931584608,4.999999873689376e-05
7.10500571307014,7.038204043006748,4.999999873689376e-05
7.255305940661407,7.088451664430981,4.999999873689376e-05
7.118394689453805,6.986306598248104,4.999999873689376e-05
7.077396041069576,6.988380428768268,4.999999873689376e-05
7.211988214089495,6.992476175423236,4.999999873689376e-05
7.133986010650004,6.93916219682925,4.999999873689376e-05
7.055807882348381,6.966091342707958,4.999999873689376e-05
7.0607668849356795,6.950350010124332,4.999999873689376e-05
7.142018258287342,6.972607205225885,4.999999873689376e-05
7.085760350068157,6.918068727853248,4.999999873689376e-05
7.014934365434753,6.913431337128044,4.999999873689376e-05
7.081085135334058,6.927273777563682,4.999999873689376e-05
7.065000103463809,6.8972489141167,4.999999873689376e-05
6.9627609753267565,6.8480380860360786,4.999999873689376e-05
7.096814287485872,6.889032717505375,4.999999873689376e-05
6.979280479382635,6.8847911128236055,4.999999873689376e-05
7.142602697654445,6.789319718360154,4.999999873689376e-05
6.920271743841126,6.837829134290631,4.999999873689376e-05
7.00832029745954,6.8178575559808765,4.999999873689376e-05
7.026215656383617,6.8582391197455514,4.999999873689376e-05
6.979349914150511,6.81592855438555,4.999999873689376e-05
7.001213524792646,6.750660333581147,4.999999873689376e-05
7.030774290876282,6.735815778222976,4.999999873689376e-05
7.185507361953323,6.701046734558201,4.999999873689376e-05
6.953142315480971,6.738385748657848,4.999999873689376e-05
6.9026125481852665,6.762828994936185,4.999999873689376e-05
6.9534822655027355,6.885785417250571,4.999999873689376e-05
6.935475043158842,6.688312725807973,4.999999873689376e-05
6.967014750160739,6.748452021913223,4.999999873689376e-05
6.81822327021006,6.678176037856351,4.999999873689376e-05
6.895442092361814,6.759252577716705,4.999999873689376e-05
6.810234940866977,6.763860496395532,4.999999873689376e-05
6.932449205880704,6.6637194371354145,4.999999873689376e-05
6.969763454079438,6.680426957183456,4.999999873689376e-05
7.004064133891241,6.6107305569301476,4.999999873689376e-05
6.897185850977329,6.611593267370596,4.999999873689376e-05
6.908251909459149,6.663396280448513,4.999999873689376e-05
6.840429410646375,6.672431869626325,4.999999873689376e-05
7.008332871101998,6.686051415762307,4.999999873689376e-05
6.940831466395829,6.635530699204913,4.999999873689376e-05
7.017773925405239,6.657559739861902,4.999999873689376e-05
6.8214852343682075,6.630292449225274,4.999999873689376e-05
6.809620742767528,6.670255485137366,4.999999873689376e-05
6.857054756631533,6.615237400320796,4.999999873689376e-05
6.97517245979491,6.658512785739047,4.999999873689376e-05
6.730490398710217,6.639418638209953,4.999999873689376e-05
6.785929137837906,6.590359447332873,4.999999873689376e-05
6.865793376734602,6.647926022881348,4.999999873689376e-05
6.915068861410993,6.657311877890686,4.999999873689376e-05
6.8658572524454335,6.532521154886124,4.999999873689376e-05
6.878152276450007,6.600046362462414,4.999999873689376e-05
6.87723222862935,6.5505540749946425,4.999999873689376e-05
6.945077588334561,6.491558794127653,4.999999873689376e-05
6.8495771138201835,6.636603881160823,4.999999873689376e-05
6.6852462287927095,6.595684929760341,4.999999873689376e-05
6.818484767252766,6.4903304347230195,4.999999873689376e-05
6.809935648604304,6.559644553842447,4.999999873689376e-05
6.733296574014927,6.491685793002135,4.999999873689376e-05
6.9145446975962725,6.472120274952267,4.999999873689376e-05
6.726667576260711,6.528005738508543,4.999999873689376e-05
6.793236395891975,6.593358921836668,4.999999873689376e-05
6.760717047037874,6.563492877276128,4.999999873689376e-05
6.756187514773613,6.571573241389909,4.999999873689376e-05
6.875247376143269,6.462193354275792,4.999999873689376e-05
6.960631370544434,6.565175667346784,4.999999873689376e-05
6.759291280434128,6.512913137090887,4.999999873689376e-05
6.799430956332596,6.422528361751404,4.999999873689376e-05
6.90744945923361,6.52782252512598,4.999999873689376e-05
6.775738881388605,6.5244493798156595,4.999999873689376e-05
6.719619249880598,6.464347178803446,4.999999873689376e-05
6.762370715270171,6.52916165787257,4.999999873689376e-05
6.937211840255082,6.523159477798474,4.999999873689376e-05
6.675175645582627,6.423974679799032,4.999999873689376e-05
6.88808508935149,6.44216714394494,4.999999873689376e-05
6.912027804006264,6.492090691974972,4.999999873689376e-05
6.78350901035133,6.449570103931352,4.999999873689376e-05
6.839824559010079,6.514866705695073,4.999999873689376e-05
6.797079867892121,6.4797506511631475,4.999999873689376e-05
6.88537265613841,6.495724098516239,4.999999873689376e-05
6.832919886457143,6.471179493535937,4.999999873689376e-05
6.787496946574395,6.466356985440176,4.999999873689376e-05
6.694065410874796,6.524534059672404,4.999999873689376e-05
6.8428032250396775,6.488419276620601,4.999999873689376e-05
6.59857987675265,6.368713212367979,4.999999873689376e-05
6.8635806195876174,6.479168466599359,4.999999873689376e-05
6.815333436896198,6.525223915336089,4.999999873689376e-05
6.798090992368082,6.468296036089223,4.999999873689376e-05
6.9147026034720565,6.463557887469406,4.999999873689376e-05
6.912624186286866,6.423253662434983,4.999999873689376e-05
6.779701788588435,6.46639730189121,4.999999873689376e-05
6.791042276330896,6.446707233751576,4.999999873689376e-05
6.740738336535819,6.409233848658407,4.999999873689376e-05
6.730596376337194,6.471196236233275,4.999999873689376e-05
6.780881279034152,6.346748429718854,4.999999873689376e-05
6.768399736650039,6.439366673340346,4.999999873689376e-05
6.634557846051142,6.390424493895719,4.999999873689376e-05
6.773464819206153,6.3700273696015195,4.999999873689376e-05
6.782320804171418,6.344065263295603,4.999999873689376e-05
6.729285712461972,6.416567819979196,4.999999873689376e-05
6.785607328854608,6.402600750665508,4.999999873689376e-05
6.817149141824113,6.353900572239839,4.999999873689376e-05
6.732324159012689,6.4037268574385315,4.999999873689376e-05
6.7244009380310255,6.39129835343865,4.999999873689376e-05
6.760755842175507,6.412382910376708,4.999999873689376e-05
6.867327412664417,6.40134789669243,4.999999873689376e-05
6.587598991697278,6.401660939353279,4.999999873689376e-05
6.697130190359579,6.327830020393724,4.999999873689376e-05
6.817926290114847,6.342894476470111,4.999999873689376e-05
6.844539067703514,6.336895075270041,4.999999873689376e-05
6.747897252748426,6.413120740264677,4.999999873689376e-05
6.794992525740534,6.304049469851477,4.999999873689376e-05
6.7502679635307175,6.269846157068,4.999999873689376e-05
6.929048360815488,6.3081253704468345,4.999999873689376e-05
6.779031534452696,6.424327777527979,4.999999873689376e-05
6.778267849041282,6.408998228743754,4.999999873689376e-05
6.702932756542212,6.381142819777259,4.999999873689376e-05
6.692822433617232,6.396256290008616,4.999999873689376e-05
6.942389643628192,6.336343434049267,4.999999873689376e-05
6.878202630908766,6.367749499453169,4.999999873689376e-05
6.938533258362302,6.327674037138745,4.999999873689376e-05
6.799028331410904,6.317827511505868,4.999999873689376e-05
6.797828296030648,6.358839365870297,4.999999873689376e-05
6.733107237823438,6.333653440677102,4.999999873689376e-05
6.933984654885976,6.349480165199274,4.999999873689376e-05
6.814435190919473,6.330879320086402,4.999999873689376e-05
6.881164293031435,6.300528959828424,4.999999873689376e-05
6.723283590307675,6.259562897887562,4.999999873689376e-05
6.768268331245701,6.322792530806622,4.999999873689376e-05
6.795625315182539,6.300617435712224,4.999999873689376e-05
6.77221645876789,6.355513395699282,4.999999873689376e-05
6.775581754068881,6.324984834636667,4.999999873689376e-05
6.8452858780829065,6.358433978484773,4.999999873689376e-05
6.790040114725716,6.282529277174195,4.999999873689376e-05
6.941567639288728,6.363653092619583,4.999999873689376e-05
6.728343326071298,6.315699323416689,4.999999873689376e-05
6.740545277375674,6.265666169306218,4.999999873689376e-05
6.67130920883203,6.375355032709491,4.999999873689376e-05
6.967069440881096,6.320658587065169,4.999999873689376e-05
6.772655872169095,6.303638094556266,4.999999873689376e-05
6.673064187145385,6.28770221203869,4.999999873689376e-05
6.796052589325534,6.305010790365603,4.999999873689376e-05
6.762443144484431,6.326216207039757,4.999999873689376e-05
6.700631341797748,6.270533225642767,4.999999873689376e-05
6.773591546451344,6.319652157083749,4.999999873689376e-05
6.534598303523466,6.220030532185697,4.999999873689376e-05
6.812489488356064,6.257453071576315,4.999999873689376e-05
6.707123633598485,6.248295575263636,4.999999873689376e-05
6.797518025900108,6.307118938224989,4.999999873689376e-05
6.894320900375779,6.264247746792452,4.999999873689376e-05
6.757811400014759,6.27294578193778,4.999999873689376e-05
6.860550344464131,6.2818541160858326,4.999999873689376e-05
6.950215328289329,6.283960986902868,4.999999873689376e-05
6.618801420936524,6.282839667918445,4.999999873689376e-05
6.878726281498119,6.241968314724223,4.999999873689376e-05
6.972870152781233,6.259747617209247,4.999999873689376e-05
6.781671226119388,6.239499438621144,4.999999873689376e-05
6.613930380780292,6.287886702463602,4.999999873689376e-05
6.766809296721684,6.218050847318644,4.999999873689376e-05
6.627083942128289,6.28185366912101,4.999999873689376e-05
6.720212322350337,6.220967012732498,4.999999873689376e-05
6.72020164695946,6.217554958704961,4.999999873689376e-05
6.779084924294573,6.303420847248265,4.999999873689376e-05
6.789748228979793,6.250131218341896,4.999999873689376e-05
6.879607735832469,6.315523192764916,4.999999873689376e-05
6.7965611062102935,6.216766716263307,4.999999873689376e-05
6.8475529431159625,6.302067187958242,4.999999873689376e-05
6.723142028044442,6.189054426030433,4.999999873689376e-05
6.760245696160297,6.208007462993673,4.999999873689376e-05
6.921838415446077,6.220167502072423,4.999999873689376e-05
6.7489137505499475,6.225248765086605,4.999999873689376e-05
6.758449528668378,6.262001429298658,4.999999873689376e-05
6.79203745064182,6.239650314453531,4.999999873689376e-05
6.722153051100399,6.185043286044988,4.999999873689376e-05
6.773925134601199,6.139925582948474,4.999999873689376e-05
7.057276164026063,6.236175918728463,4.999999873689376e-05
6.77113005694221,6.255824895229952,4.999999873689376e-05
6.807005713967716,6.170808526623874,4.999999873689376e-05
6.9429761950276045,6.160985839861674,4.999999873689376e-05
6.7408653435153685,6.175004583461824,4.999999873689376e-05
6.790711741000177,6.230413291262012,4.999999873689376e-05
6.669497815148819,6.223238888996695,4.999999873689376e-05
6.993326608630546,6.274367395937209,4.999999873689376e-05
6.763286899117863,6.227324755003234,4.999999873689376e-05
6.679415962843903,6.205898623963119,4.999999873689376e-05
6.868765370076336,6.159705476081268,4.999999873689376e-05
6.60080097134807,6.21988614201079,4.999999873689376e-05
6.834890814388499,6.171344018486579,4.999999873689376e-05
6.759099369776837,6.224159887458724,4.999999873689376e-05
6.635751608255747,6.169955609455273,4.999999873689376e-05
6.9804377343582615,6.1256739493917465,4.999999873689376e-05
6.6946443169598355,6.246389540266786,4.999999873689376e-05
7.057313066976817,6.159859824946081,4.999999873689376e-05
6.74616893789537,6.140580418152835,4.999999873689376e-05
6.78101266472821,6.197755818452888,4.999999873689376e-05
6.669614666785648,6.153095485833631,4.999999873689376e-05
6.8028613455913405,6.168464295081823,4.999999873689376e-05
6.633252071841532,6.165516257752827,4.999999873689376e-05
6.673657173193127,6.176331605963531,4.999999873689376e-05
6.730488160077264,6.203758414499258,4.999999873689376e-05
6.769447813352454,6.161704789686689,4.999999873689376e-05
6.892178390666676,6.220522877566966,4.999999873689376e-05
6.77735801114566,6.160919849258339,4.999999873689376e-05
6.868418691268217,6.14235909169973,4.999999873689376e-05
6.6626876973575175,6.1546392847806475,4.999999873689376e-05
6.7361875808485365,6.144177807992384,4.999999873689376e-05
6.807069124212704,6.199837100253781,4.999999873689376e-05
6.694250046164508,6.067764737406278,4.999999873689376e-05
6.760075087767148,6.198425682055922,4.999999873689376e-05
6.699496533798679,6.129998328075245,4.999999873689376e-05
6.78924614067866,6.1675344764392825,4.999999873689376e-05
6.717484280869767,6.123528193755362,4.999999873689376e-05
6.821089507286423,6.124302783419401,4.999999873689376e-05
6.755397717789739,6.2221327937013395,4.999999873689376e-05
6.652269107169681,6.1442146480503546,4.999999873689376e-05
6.800188180562612,6.172400499939825,4.999999873689376e-05
6.768188454577957,6.141000420951992,4.999999873689376e-05
6.791906019462501,6.184965185570175,4.999999873689376e-05
6.870535477545758,6.12226098052393,4.999999873689376e-05
6.8528180273993025,6.0834094527744185,4.999999873689376e-05
6.760294062913127,6.144416717224599,4.999999873689376e-05
6.808216641551929,6.1448294819568225,4.999999873689376e-05
6.6759279195000145,6.200285696479241,4.999999873689376e-05
6.837176773999189,6.103252751433298,4.999999873689376e-05
6.647168854651277,6.183026566949783,4.999999873689376e-05
6.67282275440962,6.124734940525135,4.999999873689376e-05
6.825978899229502,6.097105769319467,4.999999873689376e-05
6.638721572954817,6.089899689309188,4.999999873689376e-05
6.696226154867151,6.137109830403757,4.999999873689376e-05
